{"United-States": {"precision": 0.7235494880546075, "recall": 0.5868512110726644, "fbeta": 0.6480703095147115}, "South": {"precision": 0.75, "recall": 0.75, "fbeta": 0.75}, "El-Salvador": {"precision": 0.5, "recall": 0.5, "fbeta": 0.5}, "Mexico": {"precision": 0.5, "recall": 0.25, "fbeta": 0.3333333333333333}, "Italy": {"precision": 1.0, "recall": 0.8, "fbeta": 0.888888888888889}, "Philippines": {"precision": 0.6428571428571429, "recall": 0.6428571428571429, "fbeta": 0.6428571428571429}, "?": {"precision": 0.5416666666666666, "recall": 0.7647058823529411, "fbeta": 0.6341463414634146}, "Guatemala": {"precision": 1.0, "recall": 1.0, "fbeta": 1.0}, "Nicaragua": {"precision": 1.0, "recall": 1.0, "fbeta": 1.0}, "Dominican-Republic": {"precision": 1.0, "recall": 0.0, "fbeta": 0.0}, "Canada": {"precision": 0.75, "recall": 0.6666666666666666, "fbeta": 0.7058823529411765}, "Peru": {"precision": 1.0, "recall": 1.0, "fbeta": 1.0}, "India": {"precision": 0.7, "recall": 1.0, "fbeta": 0.8235294117647058}, "Vietnam": {"precision": 1.0, "recall": 0.0, "fbeta": 0.0}, "Thailand": {"precision": 1.0, "recall": 1.0, "fbeta": 1.0}, "Puerto-Rico": {"precision": 1.0, "recall": 1.0, "fbeta": 1.0}, "Ecuador": {"precision": 0.0, "recall": 0.0, "fbeta": 0.0}, "Cuba": {"precision": 1.0, "recall": 0.6666666666666666, "fbeta": 0.8}, "Haiti": {"precision": 0.0, "recall": 1.0, "fbeta": 0.0}, "England": {"precision": 0.9, "recall": 0.75, "fbeta": 0.8181818181818182}, "Taiwan": {"precision": 0.6, "recall": 0.75, "fbeta": 0.6666666666666665}, "China": {"precision": 1.0, "recall": 0.5, "fbeta": 0.6666666666666666}, "Hungary": {"precision": 1.0, "recall": 1.0, "fbeta": 1.0}, "Jamaica": {"precision": 0.5, "recall": 0.25, "fbeta": 0.3333333333333333}, "Germany": {"precision": 0.8333333333333334, "recall": 0.8333333333333334, "fbeta": 0.8333333333333334}, "Honduras": {"precision": 1.0, "recall": 1.0, "fbeta": 1.0}, "Yugoslavia": {"precision": 0.0, "recall": 0.0, "fbeta": 0.0}, "Portugal": {"precision": 1.0, "recall": 1.0, "fbeta": 1.0}, "Outlying-US(Guam-USVI-etc)": {"precision": 0.0, "recall": 1.0, "fbeta": 0.0}, "Columbia": {"precision": 0.0, "recall": 0.0, "fbeta": 0.0}, "Japan": {"precision": 1.0, "recall": 0.6, "fbeta": 0.7499999999999999}, "Trinadad&Tobago": {"precision": 1.0, "recall": 1.0, "fbeta": 1.0}, "Greece": {"precision": 1.0, "recall": 0.75, "fbeta": 0.8571428571428571}, "Poland": {"precision": 0.5, "recall": 1.0, "fbeta": 0.6666666666666666}, "Hong": {"precision": 1.0, "recall": 1.0, "fbeta": 1.0}, "Iran": {"precision": 0.8, "recall": 0.8, "fbeta": 0.8000000000000002}, "Cambodia": {"precision": 1.0, "recall": 0.5, "fbeta": 0.6666666666666666}, "Ireland": {"precision": 1.0, "recall": 0.0, "fbeta": 0.0}, "Scotland": {"precision": 1.0, "recall": 1.0, "fbeta": 1.0}, "France": {"precision": 0.0, "recall": 1.0, "fbeta": 0.0}, "Laos": {"precision": 0.0, "recall": 1.0, "fbeta": 0.0}}