{" United-States": {"precision": 0.7587354409317804, "recall": 0.6035737921906023, "fbeta": 0.6723184666420936}, " Italy": {"precision": 0.6666666666666666, "recall": 0.8, "fbeta": 0.7272727272727272}, " Mexico": {"precision": 1.0, "recall": 0.1111111111111111, "fbeta": 0.19999999999999998}, " ?": {"precision": 0.7037037037037037, "recall": 0.5277777777777778, "fbeta": 0.6031746031746033}, " England": {"precision": 0.3333333333333333, "recall": 0.2, "fbeta": 0.25}, " Canada": {"precision": 0.75, "recall": 0.5, "fbeta": 0.6}, " Peru": {"precision": 1.0, "recall": 1.0, "fbeta": 1.0}, " Japan": {"precision": 1.0, "recall": 0.2, "fbeta": 0.33333333333333337}, " Puerto-Rico": {"precision": 0.6666666666666666, "recall": 1.0, "fbeta": 0.8}, " Cuba": {"precision": 1.0, "recall": 0.6, "fbeta": 0.7499999999999999}, " Nicaragua": {"precision": 0.0, "recall": 1.0, "fbeta": 0.0}, " India": {"precision": 0.8, "recall": 0.5, "fbeta": 0.6153846153846154}, " El-Salvador": {"precision": 1.0, "recall": 0.3333333333333333, "fbeta": 0.5}, " Trinadad&Tobago": {"precision": 1.0, "recall": 1.0, "fbeta": 1.0}, " Cambodia": {"precision": 1.0, "recall": 0.3333333333333333, "fbeta": 0.5}, " Philippines": {"precision": 0.75, "recall": 0.6, "fbeta": 0.6666666666666665}, " Germany": {"precision": 1.0, "recall": 0.9166666666666666, "fbeta": 0.9565217391304348}, " Portugal": {"precision": 1.0, "recall": 0.0, "fbeta": 0.0}, " Greece": {"precision": 0.6666666666666666, "recall": 0.6666666666666666, "fbeta": 0.6666666666666666}, " South": {"precision": 1.0, "recall": 0.3333333333333333, "fbeta": 0.5}, " Jamaica": {"precision": 0.0, "recall": 0.0, "fbeta": 0.0}, " Ireland": {"precision": 1.0, "recall": 0.0, "fbeta": 0.0}, " Taiwan": {"precision": 1.0, "recall": 1.0, "fbeta": 1.0}, " Vietnam": {"precision": 0.0, "recall": 0.0, "fbeta": 0.0}, " Hungary": {"precision": 1.0, "recall": 0.5, "fbeta": 0.6666666666666666}, " China": {"precision": 0.5, "recall": 0.5, "fbeta": 0.5}, " Hong": {"precision": 1.0, "recall": 1.0, "fbeta": 1.0}, " Outlying-US(Guam-USVI-etc)": {"precision": 1.0, "recall": 1.0, "fbeta": 1.0}, " Ecuador": {"precision": 1.0, "recall": 0.3333333333333333, "fbeta": 0.5}, " Poland": {"precision": 0.0, "recall": 0.0, "fbeta": 0.0}, " Dominican-Republic": {"precision": 1.0, "recall": 1.0, "fbeta": 1.0}, " France": {"precision": 1.0, "recall": 0.75, "fbeta": 0.8571428571428571}, " Columbia": {"precision": 1.0, "recall": 0.0, "fbeta": 0.0}, " Iran": {"precision": 1.0, "recall": 0.6666666666666666, "fbeta": 0.8}, " Thailand": {"precision": 1.0, "recall": 1.0, "fbeta": 1.0}, " Haiti": {"precision": 1.0, "recall": 1.0, "fbeta": 1.0}, " Laos": {"precision": 1.0, "recall": 1.0, "fbeta": 1.0}, " Scotland": {"precision": 1.0, "recall": 1.0, "fbeta": 1.0}, " Guatemala": {"precision": 1.0, "recall": 1.0, "fbeta": 1.0}, " Yugoslavia": {"precision": 1.0, "recall": 0.0, "fbeta": 0.0}}